first_name,last_name,age
Jan,Smith,60
first_name,last_name,age
Feb,AgentSmith,6000
first_name,last_name,age
Feb,AgentSmith,6000
first_name,last_name,age
Feb,AgentSmith,6000
first_name,last_name,age
Feb,AgentSmith,6000
first_name,last_name,age
Feb,AgentSmith,6000
first_name,last_name,age
Feb,AgentSmith,6000
first_name,last_name,age
Feb,AgentSmith,6000
first_name,last_name,age
Feb,AgentSmith,6000
first_name,last_name,age
Feb,AgentSmith,6000
first_name,last_name,age
Feb,AgentSmith,6000
first_name,last_name,age
Feb,AgentSmith,6000
